/*==============================================================*/
/* Insert table: CCRTB037_TIPO_SITUACAO                         */
/*==============================================================*/
INSERT INTO CCRTB037_TIPO_SITUACAO (NU_TIPO_SITUACAO, NO_TIPO_SITUACAO) VALUES (3,'Ativo/Inativo');
INSERT INTO CCR.CCRTB037_TIPO_SITUACAO (NU_TIPO_SITUACAO, NO_TIPO_SITUACAO) VALUES(2, 'CONTRATO');
INSERT INTO CCR.CCRTB037_TIPO_SITUACAO (NU_TIPO_SITUACAO, NO_TIPO_SITUACAO) VALUES(1, 'CONVENIO');

/*==============================================================*/
/* Insert table: CCRTB014_SITUACAO                              */
/*==============================================================*/

insert into CCR.CCRTB014_SITUACAO (NU_TIPO_SITUACAO, NU_SITUACAO, DE_SITUACAO) values (1, 3, 'AGUARDANDO ATIVACAO');
insert into CCR.CCRTB014_SITUACAO (NU_TIPO_SITUACAO, NU_SITUACAO, DE_SITUACAO) values (1, 5, 'SUSPENSO POR ALTA INADIMPLÊNCIA');
insert into CCR.CCRTB014_SITUACAO (NU_TIPO_SITUACAO, NU_SITUACAO, DE_SITUACAO) values (1, 9, 'CONTRATO RESCINDIDO');
insert into CCR.CCRTB014_SITUACAO (NU_TIPO_SITUACAO, NU_SITUACAO, DE_SITUACAO) values (1, 7, 'SUSPENSO PELO GESTOR');
insert into CCR.CCRTB014_SITUACAO (NU_TIPO_SITUACAO, NU_SITUACAO, DE_SITUACAO) values (1, 2, 'SUSPENSO PELA SR/SUAT');
insert into CCR.CCRTB014_SITUACAO (NU_TIPO_SITUACAO, NU_SITUACAO, DE_SITUACAO) values (1, 4, 'SUSPENSO POR ALTA ROTATIVIDADE');
insert into CCR.CCRTB014_SITUACAO (NU_TIPO_SITUACAO, NU_SITUACAO, DE_SITUACAO) values (1, 8, 'SUSPENSO POR VOLUME DE CARTEIRA INSUFICIENTE');
insert into CCR.CCRTB014_SITUACAO (NU_TIPO_SITUACAO, NU_SITUACAO, DE_SITUACAO) values (1, 6, 'SUSPENSO POR EXTRATO EM ABERTO');
insert into CCR.CCRTB014_SITUACAO (NU_TIPO_SITUACAO, NU_SITUACAO, DE_SITUACAO) values (1, 1, 'ATIVO');
insert into CCR.CCRTB014_SITUACAO (NU_TIPO_SITUACAO, NU_SITUACAO, DE_SITUACAO) values (2, 1, 'Simulação');
insert into CCR.CCRTB014_SITUACAO (NU_TIPO_SITUACAO, NU_SITUACAO, DE_SITUACAO) values (2, 2, 'Aguardando Autorização');
insert into CCR.CCRTB014_SITUACAO (NU_TIPO_SITUACAO, NU_SITUACAO, DE_SITUACAO) values (2, 3, 'Autorização Contratação Aprovada');
insert into CCR.CCRTB014_SITUACAO (NU_TIPO_SITUACAO, NU_SITUACAO, DE_SITUACAO) values (2, 4, 'Autorização Confirmação Alçada Aprovada');
insert into CCR.CCRTB014_SITUACAO (NU_TIPO_SITUACAO, NU_SITUACAO, DE_SITUACAO) values (2, 5, 'Autorização Contratação Negada');
insert into CCR.CCRTB014_SITUACAO (NU_TIPO_SITUACAO, NU_SITUACAO, DE_SITUACAO) values (2, 6, 'Autorização Confirmação Alçada Negada');
insert into CCR.CCRTB014_SITUACAO (NU_TIPO_SITUACAO, NU_SITUACAO, DE_SITUACAO) values (2, 7, 'Contrato Autorizado');
insert into CCR.CCRTB014_SITUACAO (NU_TIPO_SITUACAO, NU_SITUACAO, DE_SITUACAO) values (2, 8, 'Contrato Enviado SIAPX - Pendente');
insert into CCR.CCRTB014_SITUACAO (NU_TIPO_SITUACAO, NU_SITUACAO, DE_SITUACAO) values (2, 9, 'Contrato Negado');
insert into CCR.CCRTB014_SITUACAO (NU_TIPO_SITUACAO, NU_SITUACAO, DE_SITUACAO) values (2, 10, 'Contrato Enviado SIAPX - Sucesso');
insert into CCR.CCRTB014_SITUACAO (NU_TIPO_SITUACAO, NU_SITUACAO, DE_SITUACAO) values (2, 11, 'Contrato Enviado SIAPX - Erro');
insert into CCR.CCRTB014_SITUACAO (NU_TIPO_SITUACAO, NU_SITUACAO, DE_SITUACAO) values (2, 12, 'Cancelado');

/*==============================================================*/
/* Insert table: CCRTB002_GRUPO_TAXA                            */
/*==============================================================*/
INSERT INTO CCR.CCRTB002_GRUPO_TAXA (NU_GRUPO_TAXA, CO_GRUPO_TAXA, NO_GRUPO_TAXA) VALUES(1,1,'Grupo 1');
INSERT INTO CCR.CCRTB002_GRUPO_TAXA (NU_GRUPO_TAXA, CO_GRUPO_TAXA, NO_GRUPO_TAXA) VALUES(2,2,'Grupo 2');

/*==============================================================*/
/* Insert table: CCRTB031_ORIGEM_RECURSO                        */
/*==============================================================*/
INSERT INTO CCR.CCRTB031_ORIGEM_RECURSO (NU_ORIGEM_RECURSO, NO_ORIGEM_RECURSO) VALUES(9, 'REESTRUTURACAO FINANCEIRA');
INSERT INTO CCR.CCRTB031_ORIGEM_RECURSO (NU_ORIGEM_RECURSO, NO_ORIGEM_RECURSO) VALUES(3, 'FAT');
INSERT INTO CCR.CCRTB031_ORIGEM_RECURSO (NU_ORIGEM_RECURSO, NO_ORIGEM_RECURSO) VALUES(7, 'FAT - PEP');
INSERT INTO CCR.CCRTB031_ORIGEM_RECURSO (NU_ORIGEM_RECURSO, NO_ORIGEM_RECURSO) VALUES(5, 'FNC');
INSERT INTO CCR.CCRTB031_ORIGEM_RECURSO (NU_ORIGEM_RECURSO, NO_ORIGEM_RECURSO) VALUES(8, 'FIES');
INSERT INTO CCR.CCRTB031_ORIGEM_RECURSO (NU_ORIGEM_RECURSO, NO_ORIGEM_RECURSO) VALUES(2, 'PIS');
INSERT INTO CCR.CCRTB031_ORIGEM_RECURSO (NU_ORIGEM_RECURSO, NO_ORIGEM_RECURSO) VALUES(6, '13.SALARIO/ABONO SALARIAL');
INSERT INTO CCR.CCRTB031_ORIGEM_RECURSO (NU_ORIGEM_RECURSO, NO_ORIGEM_RECURSO) VALUES(4, 'RESTITUICAO - IRPF');
INSERT INTO CCR.CCRTB031_ORIGEM_RECURSO (NU_ORIGEM_RECURSO, NO_ORIGEM_RECURSO) VALUES(1, 'CAIXA');

/*==============================================================*/
/* Insert table: CCRTB011_GRUPO_AVERBACAO                       */
/*==============================================================*/
INSERT INTO CCR.CCRTB011_GRUPO_AVERBACAO (NU_GRUPO_AVERBACAO, NO_GRUPO_AVERBACAO) VALUES(3, 'ECONOMIARIO');
INSERT INTO CCR.CCRTB011_GRUPO_AVERBACAO (NU_GRUPO_AVERBACAO, NO_GRUPO_AVERBACAO) VALUES(5, 'ZETRASOFT');
INSERT INTO CCR.CCRTB011_GRUPO_AVERBACAO (NU_GRUPO_AVERBACAO, NO_GRUPO_AVERBACAO) VALUES(7, 'MPOG');
INSERT INTO CCR.CCRTB011_GRUPO_AVERBACAO (NU_GRUPO_AVERBACAO, NO_GRUPO_AVERBACAO) VALUES(2, 'INSS');
INSERT INTO CCR.CCRTB011_GRUPO_AVERBACAO (NU_GRUPO_AVERBACAO, NO_GRUPO_AVERBACAO) VALUES(4, 'SCC');
INSERT INTO CCR.CCRTB011_GRUPO_AVERBACAO (NU_GRUPO_AVERBACAO, NO_GRUPO_AVERBACAO) VALUES(6, 'DB 1');
INSERT INTO CCR.CCRTB011_GRUPO_AVERBACAO (NU_GRUPO_AVERBACAO, NO_GRUPO_AVERBACAO) VALUES(1, 'GERAL');

/*==============================================================*/
/* Insert table: CCRTB004_CANAL_ATENDIMENTO                     */
/*==============================================================*/
INSERT INTO CCR.CCRTB004_CANAL_ATENDIMENTO (NU_CANAL_ATENDIMENTO, NO_CANAL_ATENDIMENTO) VALUES(3, 'TELESSERVICO');
INSERT INTO CCR.CCRTB004_CANAL_ATENDIMENTO (NU_CANAL_ATENDIMENTO, NO_CANAL_ATENDIMENTO) VALUES(33, 'CORRESPONDENTE BANCARIO');
INSERT INTO CCR.CCRTB004_CANAL_ATENDIMENTO (NU_CANAL_ATENDIMENTO, NO_CANAL_ATENDIMENTO) VALUES(6, 'INTERNET');
INSERT INTO CCR.CCRTB004_CANAL_ATENDIMENTO (NU_CANAL_ATENDIMENTO, NO_CANAL_ATENDIMENTO) VALUES(11, 'SIFEC');
INSERT INTO CCR.CCRTB004_CANAL_ATENDIMENTO (NU_CANAL_ATENDIMENTO, NO_CANAL_ATENDIMENTO) VALUES(10, 'SILOT');
INSERT INTO CCR.CCRTB004_CANAL_ATENDIMENTO (NU_CANAL_ATENDIMENTO, NO_CANAL_ATENDIMENTO) VALUES(13, 'SICCR');
INSERT INTO CCR.CCRTB004_CANAL_ATENDIMENTO (NU_CANAL_ATENDIMENTO, NO_CANAL_ATENDIMENTO) VALUES(8, 'SIMAA');
INSERT INTO CCR.CCRTB004_CANAL_ATENDIMENTO (NU_CANAL_ATENDIMENTO, NO_CANAL_ATENDIMENTO) VALUES(2, 'APXPO014');
INSERT INTO CCR.CCRTB004_CANAL_ATENDIMENTO (NU_CANAL_ATENDIMENTO, NO_CANAL_ATENDIMENTO) VALUES(4, 'SICAQ');
INSERT INTO CCR.CCRTB004_CANAL_ATENDIMENTO (NU_CANAL_ATENDIMENTO, NO_CANAL_ATENDIMENTO) VALUES(12, 'SIGEC');
INSERT INTO CCR.CCRTB004_CANAL_ATENDIMENTO (NU_CANAL_ATENDIMENTO, NO_CANAL_ATENDIMENTO) VALUES(9, 'MOBILE');
INSERT INTO CCR.CCRTB004_CANAL_ATENDIMENTO (NU_CANAL_ATENDIMENTO, NO_CANAL_ATENDIMENTO) VALUES(27, 'SIMU2');
INSERT INTO CCR.CCRTB004_CANAL_ATENDIMENTO (NU_CANAL_ATENDIMENTO, NO_CANAL_ATENDIMENTO) VALUES(7, 'SIIBC');
INSERT INTO CCR.CCRTB004_CANAL_ATENDIMENTO (NU_CANAL_ATENDIMENTO, NO_CANAL_ATENDIMENTO) VALUES(1, 'AGENCIA');

/*==============================================================*/
/* Insert table: CCRTB001_CONVENIO                              */
/*==============================================================*/
insert into CCR.CCRTB001_CONVENIO (NU_CONVENIO, NU_CNPJ_CONVENENTE, CO_DV_CONVENIO, CO_ORGAO, DD_CREDITO_SALARIO, IC_ABRANGENCIA, IC_ACEITA_CANAL, NO_CONVENIO, NU_AGENCIA_CONTA_CREDITO, NU_CONTA_CREDITO, NU_DV_CONTA_CREDITO, NU_NATURAL_PV_COBRANCA, NU_NATURAL_PV_RESPONSAVEL, NU_NATURAL_SPRNA_COBRANCA, NU_NATURAL_SPRNA_RESPONSAVEL, NU_OPERACAO_CONTA_CREDITO, NU_PV_COBRANCA, NU_PV_RESPONSAVEL, NU_SPRNA_COBRANCA, NU_SPRNA_RESPONSAVEL, PZ_EMISSAO_EXTRATO, QT_DIA_AGUARDAR_AUTORIZACAO, QT_EMPREGADO, NU_GRUPO_AVERBACAO, NU_GRUPO_TAXA, NU_TIPO_SITUACAO, NU_SITUACAO)
values (1234, 60875788000101, 1, '1', 10, 1, 'S', 'CAIXA ECONOMICA FEDERAL', 2222, 33333333, 4, 1, 1, 1, 1, 1, 1, 1, 1, 1, 10, 10, 100, 1, 1, 1, 1);
insert into CCR.CCRTB001_CONVENIO (NU_CONVENIO, NU_CNPJ_CONVENENTE, CO_DV_CONVENIO, CO_ORGAO, DD_CREDITO_SALARIO, IC_ABRANGENCIA, IC_ACEITA_CANAL, NO_CONVENIO, NU_AGENCIA_CONTA_CREDITO, NU_CONTA_CREDITO, NU_DV_CONTA_CREDITO, NU_NATURAL_PV_COBRANCA, NU_NATURAL_PV_RESPONSAVEL, NU_NATURAL_SPRNA_COBRANCA, NU_NATURAL_SPRNA_RESPONSAVEL, NU_OPERACAO_CONTA_CREDITO, NU_PV_COBRANCA, NU_PV_RESPONSAVEL, NU_SPRNA_COBRANCA, NU_SPRNA_RESPONSAVEL, PZ_EMISSAO_EXTRATO, QT_DIA_AGUARDAR_AUTORIZACAO, QT_EMPREGADO, NU_GRUPO_AVERBACAO, NU_GRUPO_TAXA, NU_TIPO_SITUACAO, NU_SITUACAO) 
values (1840, 60875788000101, 1, '1', 10, 1, 'S', 'MIN AGRIC E ABAST _ DEL FED DO ES', 2222, 33333333, 4, 1, 1, 1, 1, 1, 1, 1, 1, 1, 10, 10, 100, 1, 1, 1, 1);

INSERT INTO CCRTB005_TAXA_JURO_GRUPO(IC_UTILIZACAO_TAXA, PZ_TAXA_GRUPO, DT_INICIO_VIGENCIA, TS_INCLUSAO_FIM_VIGENCIA_TAXA, TS_INCLUSAO_TAXA, DT_FIM_VIGENCIA, PC_TAXA_MAXIMA, PC_TAXA_MEDIA, PC_TAXA_MINIMA, CO_USUARIO_FINALIZACAO, CO_USUARIO_INCLUSAO, NU_GRUPO)
VALUES(1,1,TO_DATE('2017-01-01','yyyy-mm-dd'),TO_DATE('2018-03-03','yyyy-mm-dd'),TO_DATE('2017-01-01','yyyy-mm-dd'),TO_DATE('2018-03-03','yyyy-mm-dd'),1.0,1.0,1.0,'C000003','C000003',1);

INSERT INTO CCRTB006_TAXA_JURO_CONVENIO(IC_UTILIZACAO_TAXA, PZ_TAXA_CONVENIO, DT_INICIO_VIGENCIA, TS_INCLUSAO_FIM_VIGENCIA_TAXA, TS_INCLUSAO_TAXA, DT_FIM_VIGENCIA, PC_TAXA_MAXIMA, PC_TAXA_MEDIA, PC_TAXA_MINIMA, CO_USUARIO_FINALIZACAO, CO_USUARIO_INCLUSAO, NU_CONVENIO)
VALUES(1,30,TO_DATE('2017-01-01','yyyy-mm-dd'),TO_DATE('2018-03-03','yyyy-mm-dd'),TO_DATE('2017-01-01','yyyy-mm-dd'),TO_DATE('2018-03-03','yyyy-mm-dd'),1.0,1.0,1.0,'C000003','C000003',1234);

INSERT INTO CCRTB003_CONVENIO_CANAL (NU_CANAL_ATENDIMENTO, NU_CONVENIO, IC_AUTORIZA_MARGEM_CONTRATO, IC_AUTORIZA_MARGEM_RENOVACAO, IC_EXIGE_ANUENCIA, IC_FAIXA_JURO_CONTRATACAO, IC_FAIXA_JURO_RENOVACAO, IC_PERMITE_CONTRATACAO, IC_PERMITE_RENOVACAO, PZ_MAXIMO_CONTRATACAO, PZ_MAXIMO_RENOVACAO, PZ_MINIMO_CONTRATACAO, PZ_MINIMO_RENOVACAO, QT_DIA_GARANTIA_CONDICAO)
VALUES(1,1234,'S','S','S','S','S','S','S',1,1,'5','5','1');

insert into CCR.CCRTB003_CONVENIO_CANAL (NU_CANAL_ATENDIMENTO, NU_CONVENIO, IC_AUTORIZA_MARGEM_CONTRATO, IC_AUTORIZA_MARGEM_RENOVACAO, IC_EXIGE_ANUENCIA, IC_FAIXA_JURO_CONTRATACAO, IC_FAIXA_JURO_RENOVACAO, IC_PERMITE_CONTRATACAO, IC_PERMITE_RENOVACAO, PZ_MAXIMO_CONTRATACAO, PZ_MAXIMO_RENOVACAO, PZ_MINIMO_CONTRATACAO, PZ_MINIMO_RENOVACAO, QT_DIA_GARANTIA_CONDICAO) 
values (1, 1840, 'S', 'S', 'S', 'S', 'S', 'S', 'S', 35, 1, '5', '5', '1');

insert into CCR.CCRTB049_CONVENIO_CNPJ_VNCDO (NU_SEQUENCIAL_CONVENIO_CNPJ, NU_CNPJ, NU_CONVENIO) values (1, '949', 1234);
insert into CCR.CCRTB049_CONVENIO_CNPJ_VNCDO (NU_SEQUENCIAL_CONVENIO_CNPJ, NU_CNPJ, NU_CONVENIO) values (2, '999', 1234);
insert into CCR.CCRTB049_CONVENIO_CNPJ_VNCDO (NU_SEQUENCIAL_CONVENIO_CNPJ, NU_CNPJ, NU_CONVENIO) values (3, '396895002500', 1234);

INSERT INTO CCRTB008_TAXA_IOF(NU_TAXA_IOF, PC_ALIQUOTA_BASICA, PC_ALIQUOTA_COMPLEMENTAR, TS_INCLUSAO_FIM_VIGENCIA_TAXA, TS_INCLUSAO_TAXA, DT_FIM_VIGENCIA, DT_INICIO_VIGENCIA, CO_USUARIO_FINALIZACAO, CO_USUARIO_INCLUSAO)
VALUES(1,1.0,1.0,TO_DATE('2017-01-01','yyyy-mm-dd'),TO_DATE('2018-03-03','yyyy-mm-dd'),TO_DATE('2017-01-01','yyyy-mm-dd'),TO_DATE('2018-03-03','yyyy-mm-dd'),'C000003','C000003');

INSERT INTO CCRTB045_CONVENIO_UF(NU_CONVENIO, SG_UF, CO_USUARIO_EXCLUSAO, CO_USUARIO_INCLUSAO, TS_EXCLUSAO_UF, TS_INCLUSAO_UF)
VALUES(1234,'PR',null, 'C000003',TO_DATE('2017-01-01','yyyy-mm-dd'),null);


INSERT INTO CCRTB047_CONVENIO_SR(NU_CONVENIO, NU_NATURAL, NU_UNIDADE, CO_USUARIO_EXCLUSAO, CO_USUARIO_INCLUSAO, TS_EXCLUSAO_SR, TS_INCLUSAO_SR)
VALUES(1234,1,1,null,'C000003',null,TO_DATE('2017-01-01','yyyy-mm-dd'));

/*INSERT INTO COMBO_GENERICO(ID, DESCRICAO)
VALUES(1,'Combo Generico');*/

insert into CCR.CCRTB007_TAXA_SEGURO (PZ_TAXA_SEGURO, DT_INICIO_VIGENCIA, NU_IDADE, TS_INCLUSAO_FIM_VIGENCIA_TAXA, TS_INCLUSAO_TAXA, DT_FIM_VIGENCIA, PC_TAXA_SEGURO, CO_USUARIO_FINALIZACAO, CO_USUARIO_INCLUSAO) values (29, TO_DATE('2017-10-28','yyyy-mm-dd'), 29, null, TO_DATE('2017-10-26','yyyy-mm-dd'), null, 0.00333, null, 'C891336');

insert into CCR.CCRTB007_TAXA_SEGURO (PZ_TAXA_SEGURO, DT_INICIO_VIGENCIA, NU_IDADE, TS_INCLUSAO_FIM_VIGENCIA_TAXA, TS_INCLUSAO_TAXA, DT_FIM_VIGENCIA, PC_TAXA_SEGURO, CO_USUARIO_FINALIZACAO, CO_USUARIO_INCLUSAO) values (29, TO_DATE('2017-10-28','yyyy-mm-dd'), 30, null, TO_DATE('2017-10-26','yyyy-mm-dd'), null, 0.00333, null, 'C891336');

insert into CCR.CCRTB007_TAXA_SEGURO (PZ_TAXA_SEGURO, DT_INICIO_VIGENCIA, NU_IDADE, TS_INCLUSAO_FIM_VIGENCIA_TAXA, TS_INCLUSAO_TAXA, DT_FIM_VIGENCIA, PC_TAXA_SEGURO, CO_USUARIO_FINALIZACAO, CO_USUARIO_INCLUSAO) values (29, TO_DATE('2017-10-28','yyyy-mm-dd'), 31, null, TO_DATE('2017-10-26','yyyy-mm-dd'), null, 0.00333, null, 'C891336');

insert into CCR.CCRTB007_TAXA_SEGURO (PZ_TAXA_SEGURO, DT_INICIO_VIGENCIA, NU_IDADE, TS_INCLUSAO_FIM_VIGENCIA_TAXA, TS_INCLUSAO_TAXA, DT_FIM_VIGENCIA, PC_TAXA_SEGURO, CO_USUARIO_FINALIZACAO, CO_USUARIO_INCLUSAO) values (30, TO_DATE('2017-10-28','yyyy-mm-dd'), 29, null, TO_DATE('2017-10-26','yyyy-mm-dd'), null, 0.00333, null, 'C891336');

insert into CCR.CCRTB007_TAXA_SEGURO (PZ_TAXA_SEGURO, DT_INICIO_VIGENCIA, NU_IDADE, TS_INCLUSAO_FIM_VIGENCIA_TAXA, TS_INCLUSAO_TAXA, DT_FIM_VIGENCIA, PC_TAXA_SEGURO, CO_USUARIO_FINALIZACAO, CO_USUARIO_INCLUSAO) values (30, TO_DATE('2017-10-28','yyyy-mm-dd'), 30, null, TO_DATE('2017-10-26','yyyy-mm-dd'), null, 0.00333, null, 'C891336');

insert into CCR.CCRTB007_TAXA_SEGURO (PZ_TAXA_SEGURO, DT_INICIO_VIGENCIA, NU_IDADE, TS_INCLUSAO_FIM_VIGENCIA_TAXA, TS_INCLUSAO_TAXA, DT_FIM_VIGENCIA, PC_TAXA_SEGURO, CO_USUARIO_FINALIZACAO, CO_USUARIO_INCLUSAO) values (30, TO_DATE('2017-10-28','yyyy-mm-dd'), 31, null, TO_DATE('2017-10-26','yyyy-mm-dd'), null, 0.00333, null, 'C891336');

insert into CCR.CCRTB007_TAXA_SEGURO (PZ_TAXA_SEGURO, DT_INICIO_VIGENCIA, NU_IDADE, TS_INCLUSAO_FIM_VIGENCIA_TAXA, TS_INCLUSAO_TAXA, DT_FIM_VIGENCIA, PC_TAXA_SEGURO, CO_USUARIO_FINALIZACAO, CO_USUARIO_INCLUSAO) values (31, TO_DATE('2017-10-28','yyyy-mm-dd'), 29, null, TO_DATE('2017-10-26','yyyy-mm-dd'), null, 0.00333, null, 'C891336');

insert into CCR.CCRTB007_TAXA_SEGURO (PZ_TAXA_SEGURO, DT_INICIO_VIGENCIA, NU_IDADE, TS_INCLUSAO_FIM_VIGENCIA_TAXA, TS_INCLUSAO_TAXA, DT_FIM_VIGENCIA, PC_TAXA_SEGURO, CO_USUARIO_FINALIZACAO, CO_USUARIO_INCLUSAO) values (31,TO_DATE('2017-10-28','yyyy-mm-dd'), 30, null, TO_DATE('2017-10-26','yyyy-mm-dd'), null, 0.00333, null, 'C891336');

insert into CCR.CCRTB007_TAXA_SEGURO (PZ_TAXA_SEGURO, DT_INICIO_VIGENCIA, NU_IDADE, TS_INCLUSAO_FIM_VIGENCIA_TAXA, TS_INCLUSAO_TAXA, DT_FIM_VIGENCIA, PC_TAXA_SEGURO, CO_USUARIO_FINALIZACAO, CO_USUARIO_INCLUSAO) values (31, TO_DATE('2017-10-28','yyyy-mm-dd'), 31, null, TO_DATE('2017-10-26','yyyy-mm-dd'), null, 0.00333, null, 'C891336');

UPDATE "CCR"."CCRTB008_TAXA_IOF"
SET "DT_INICIO_VIGENCIA"=TO_DATE('2017-03-03 00:00:00','YYYY-MM-DD HH24:MI:SS'),
"DT_FIM_VIGENCIA"=TO_DATE('2027-01-01 00:00:00','YYYY-MM-DD HH24:MI:SS')
WHERE "NU_TAXA_IOF"=1;

UPDATE "CCR"."CCRTB007_TAXA_SEGURO"
SET "DT_FIM_VIGENCIA"=TO_DATE('2027-10-26 00:00:00','YYYY-MM-DD HH24:MI:SS')
WHERE "PZ_TAXA_SEGURO"=29 AND "DT_INICIO_VIGENCIA"=TO_DATE('2017-10-28 00:00:00','YYYY-MM-DD HH24:MI:SS') AND "NU_IDADE"=30;

UPDATE "CCR"."CCRTB007_TAXA_SEGURO"
SET "DT_FIM_VIGENCIA"=TO_DATE('2027-10-26 00:00:00','YYYY-MM-DD HH24:MI:SS')
WHERE "PZ_TAXA_SEGURO"=29 AND "DT_INICIO_VIGENCIA"=TO_DATE('2017-10-28 00:00:00','YYYY-MM-DD HH24:MI:SS') AND "NU_IDADE"=29;

UPDATE "CCR"."CCRTB007_TAXA_SEGURO"
SET "DT_FIM_VIGENCIA"=TO_DATE('2027-10-26 00:00:00','YYYY-MM-DD HH24:MI:SS')
WHERE "PZ_TAXA_SEGURO"=29 AND "DT_INICIO_VIGENCIA"=TO_DATE('2017-10-28 00:00:00','YYYY-MM-DD HH24:MI:SS') AND "NU_IDADE"=31;

UPDATE "CCR"."CCRTB007_TAXA_SEGURO"
SET "DT_FIM_VIGENCIA"=TO_DATE('2027-10-26 00:00:00','YYYY-MM-DD HH24:MI:SS')
WHERE "PZ_TAXA_SEGURO"=30 AND "DT_INICIO_VIGENCIA"=TO_DATE('2017-10-28 00:00:00','YYYY-MM-DD HH24:MI:SS') AND "NU_IDADE"=31;

UPDATE "CCR"."CCRTB007_TAXA_SEGURO"
SET "DT_FIM_VIGENCIA"=TO_DATE('2027-10-26 00:00:00','YYYY-MM-DD HH24:MI:SS')
WHERE "PZ_TAXA_SEGURO"=31 AND "DT_INICIO_VIGENCIA"=TO_DATE('2017-10-28 00:00:00','YYYY-MM-DD HH24:MI:SS') AND "NU_IDADE"=29;

UPDATE "CCR"."CCRTB007_TAXA_SEGURO"
SET "DT_FIM_VIGENCIA"=TO_DATE('2027-10-26 00:00:00','YYYY-MM-DD HH24:MI:SS')
WHERE "PZ_TAXA_SEGURO"=30 AND "DT_INICIO_VIGENCIA"=TO_DATE('2017-10-28 00:00:00','YYYY-MM-DD HH24:MI:SS') AND "NU_IDADE"=30;

UPDATE "CCR"."CCRTB007_TAXA_SEGURO"
SET "DT_FIM_VIGENCIA"=TO_DATE('2027-10-26 00:00:00','YYYY-MM-DD HH24:MI:SS')
WHERE "PZ_TAXA_SEGURO"=30 AND "DT_INICIO_VIGENCIA"=TO_DATE('2017-10-28 00:00:00','YYYY-MM-DD HH24:MI:SS') AND "NU_IDADE"=29;

UPDATE "CCR"."CCRTB007_TAXA_SEGURO"
SET "DT_FIM_VIGENCIA"=TO_DATE('2027-10-26 00:00:00','YYYY-MM-DD HH24:MI:SS')
WHERE "PZ_TAXA_SEGURO"=31 AND "DT_INICIO_VIGENCIA"=TO_DATE('2017-10-28 00:00:00','YYYY-MM-DD HH24:MI:SS') AND "NU_IDADE"=30
;

UPDATE "CCR"."CCRTB007_TAXA_SEGURO"
SET "DT_FIM_VIGENCIA"=TO_DATE('2027-10-26 00:00:00','YYYY-MM-DD HH24:MI:SS')
WHERE "PZ_TAXA_SEGURO"=31 AND "DT_INICIO_VIGENCIA"=TO_DATE('2017-10-28 00:00:00','YYYY-MM-DD HH24:MI:SS') AND "NU_IDADE"=31;


UPDATE "CCR"."CCRTB007_TAXA_SEGURO"
SET "DT_INICIO_VIGENCIA"=TO_DATE('2015-10-28 00:00:00','YYYY-MM-DD HH24:MI:SS')
WHERE "PZ_TAXA_SEGURO"=30 AND "DT_INICIO_VIGENCIA"=TO_DATE('2016-10-28 00:00:00','YYYY-MM-DD HH24:MI:SS') AND "NU_IDADE"=30;

UPDATE "CCR"."CCRTB007_TAXA_SEGURO"
SET "DT_INICIO_VIGENCIA"=TO_DATE('2015-10-28 00:00:00','YYYY-MM-DD HH24:MI:SS')
WHERE "PZ_TAXA_SEGURO"=31 AND "DT_INICIO_VIGENCIA"=TO_DATE('2016-10-28 00:00:00','YYYY-MM-DD HH24:MI:SS') AND "NU_IDADE"=31;

UPDATE "CCR"."CCRTB007_TAXA_SEGURO"
SET "DT_INICIO_VIGENCIA"=TO_DATE('2015-10-28 00:00:00','YYYY-MM-DD HH24:MI:SS')
WHERE "PZ_TAXA_SEGURO"=29 AND "DT_INICIO_VIGENCIA"=TO_DATE('2016-10-28 00:00:00','YYYY-MM-DD HH24:MI:SS') AND "NU_IDADE"=31;

UPDATE "CCR"."CCRTB007_TAXA_SEGURO"
SET "DT_INICIO_VIGENCIA"=TO_DATE('2015-10-28 00:00:00','YYYY-MM-DD HH24:MI:SS')
WHERE "PZ_TAXA_SEGURO"=29 AND "DT_INICIO_VIGENCIA"=TO_DATE('2016-10-28 00:00:00','YYYY-MM-DD HH24:MI:SS') AND "NU_IDADE"=30;

UPDATE "CCR"."CCRTB007_TAXA_SEGURO"
SET "DT_INICIO_VIGENCIA"=TO_DATE('2015-10-28 00:00:00','YYYY-MM-DD HH24:MI:SS')
WHERE "PZ_TAXA_SEGURO"=31 AND "DT_INICIO_VIGENCIA"=TO_DATE('2016-10-28 00:00:00','YYYY-MM-DD HH24:MI:SS') AND "NU_IDADE"=30;

UPDATE "CCR"."CCRTB007_TAXA_SEGURO"
SET "DT_INICIO_VIGENCIA"=TO_DATE('2015-10-28 00:00:00','YYYY-MM-DD HH24:MI:SS')
WHERE "PZ_TAXA_SEGURO"=30 AND "DT_INICIO_VIGENCIA"=TO_DATE('2016-10-28 00:00:00','YYYY-MM-DD HH24:MI:SS') AND "NU_IDADE"=31;

UPDATE "CCR"."CCRTB007_TAXA_SEGURO"
SET "DT_INICIO_VIGENCIA"=TO_DATE('2015-10-28 00:00:00','YYYY-MM-DD HH24:MI:SS')
WHERE "PZ_TAXA_SEGURO"=29 AND "DT_INICIO_VIGENCIA"=TO_DATE('2016-10-28 00:00:00','YYYY-MM-DD HH24:MI:SS') AND "NU_IDADE"=29;

UPDATE "CCR"."CCRTB007_TAXA_SEGURO"
SET "DT_INICIO_VIGENCIA"=TO_DATE('2015-10-28 00:00:00','YYYY-MM-DD HH24:MI:SS')
WHERE "PZ_TAXA_SEGURO"=31 AND "DT_INICIO_VIGENCIA"=TO_DATE('2016-10-28 00:00:00','YYYY-MM-DD HH24:MI:SS') AND "NU_IDADE"=29;

UPDATE "CCR"."CCRTB007_TAXA_SEGURO"
SET "DT_INICIO_VIGENCIA"=TO_DATE('2015-10-28 00:00:00','YYYY-MM-DD HH24:MI:SS')
WHERE "PZ_TAXA_SEGURO"=30 AND "DT_INICIO_VIGENCIA"=TO_DATE('2016-10-28 00:00:00','YYYY-MM-DD HH24:MI:SS') AND "NU_IDADE"=29;


UPDATE "CCR"."CCRTB007_TAXA_SEGURO"
SET "DT_INICIO_VIGENCIA"=TO_DATE('2015-10-28 00:00:00','YYYY-MM-DD HH24:MI:SS')
WHERE "PZ_TAXA_SEGURO"=30 AND "DT_INICIO_VIGENCIA"=TO_DATE('2017-10-28 00:00:00','YYYY-MM-DD HH24:MI:SS') AND "NU_IDADE"=30
;
UPDATE "CCR"."CCRTB007_TAXA_SEGURO"
SET "DT_INICIO_VIGENCIA"=TO_DATE('2015-10-28 00:00:00','YYYY-MM-DD HH24:MI:SS')
WHERE "PZ_TAXA_SEGURO"=31 AND "DT_INICIO_VIGENCIA"=TO_DATE('2017-10-28 00:00:00','YYYY-MM-DD HH24:MI:SS') AND "NU_IDADE"=31
;
UPDATE "CCR"."CCRTB007_TAXA_SEGURO"
SET "DT_INICIO_VIGENCIA"=TO_DATE('2015-10-28 00:00:00','YYYY-MM-DD HH24:MI:SS')
WHERE "PZ_TAXA_SEGURO"=31 AND "DT_INICIO_VIGENCIA"=TO_DATE('2017-10-28 00:00:00','YYYY-MM-DD HH24:MI:SS') AND "NU_IDADE"=30
;
UPDATE "CCR"."CCRTB007_TAXA_SEGURO"
SET "DT_INICIO_VIGENCIA"=TO_DATE('2015-10-28 00:00:00','YYYY-MM-DD HH24:MI:SS')
WHERE "PZ_TAXA_SEGURO"=30 AND "DT_INICIO_VIGENCIA"=TO_DATE('2017-10-28 00:00:00','YYYY-MM-DD HH24:MI:SS') AND "NU_IDADE"=29
;
UPDATE "CCR"."CCRTB007_TAXA_SEGURO"
SET "DT_INICIO_VIGENCIA"=TO_DATE('2015-10-28 00:00:00','YYYY-MM-DD HH24:MI:SS')
WHERE "PZ_TAXA_SEGURO"=29 AND "DT_INICIO_VIGENCIA"=TO_DATE('2017-10-28 00:00:00','YYYY-MM-DD HH24:MI:SS') AND "NU_IDADE"=31
;
UPDATE "CCR"."CCRTB007_TAXA_SEGURO"
SET "DT_INICIO_VIGENCIA"=TO_DATE('2015-10-28 00:00:00','YYYY-MM-DD HH24:MI:SS')
WHERE "PZ_TAXA_SEGURO"=29 AND "DT_INICIO_VIGENCIA"=TO_DATE('2017-10-28 00:00:00','YYYY-MM-DD HH24:MI:SS') AND "NU_IDADE"=30
;
UPDATE "CCR"."CCRTB007_TAXA_SEGURO"
SET "DT_INICIO_VIGENCIA"=TO_DATE('2015-10-28 00:00:00','YYYY-MM-DD HH24:MI:SS')
WHERE "PZ_TAXA_SEGURO"=31 AND "DT_INICIO_VIGENCIA"=TO_DATE('2017-10-28 00:00:00','YYYY-MM-DD HH24:MI:SS') AND "NU_IDADE"=29
;
UPDATE "CCR"."CCRTB007_TAXA_SEGURO"
SET "DT_INICIO_VIGENCIA"=TO_DATE('2015-10-28 00:00:00','YYYY-MM-DD HH24:MI:SS')
WHERE "PZ_TAXA_SEGURO"=30 AND "DT_INICIO_VIGENCIA"=TO_DATE('2017-10-28 00:00:00','YYYY-MM-DD HH24:MI:SS') AND "NU_IDADE"=31
;
UPDATE "CCR"."CCRTB007_TAXA_SEGURO"
SET "DT_INICIO_VIGENCIA"=TO_DATE('2015-10-28 00:00:00','YYYY-MM-DD HH24:MI:SS')
WHERE "PZ_TAXA_SEGURO"=29 AND "DT_INICIO_VIGENCIA"=TO_DATE('2017-10-28 00:00:00','YYYY-MM-DD HH24:MI:SS') AND "NU_IDADE"=29
;

UPDATE "CCR"."CCRTB003_CONVENIO_CANAL"
SET "PZ_MAXIMO_CONTRATACAO"=35
WHERE "NU_CONVENIO"=1234 AND "NU_CANAL_ATENDIMENTO"=1;

/*==============================================================*/
/* Insert table: CCRTB039_AVALIACAO                     */
/*==============================================================*/

insert into CCR.CCRTB039_AVALIACAO_RISCO (NU_AVALIACAO_RISCO, CO_RESULTADO, DT_FIM_VALIDADE_AVALIACAO, DT_GERACAO, DT_INICIO_VALIDADE_AVALIACAO, IC_AVALIACAO_MANUAL, IC_BLOQUEIO_ALCADA, NO_PRODUTO_SIRIC, DE_RESULTADO_AVALIACAO, NU_OPERACAO_PRODUTO, PZ_MAXIMO_EMPRESTIMO, IN_RATING_AVALIACAO, VR_MAXIMO_EMPRESTIMO, VR_MAXIMO_PRESTACAO) 
values (1, '1', TIMESTAMP '2017-10-27 00:00:00', TIMESTAMP '2017-10-27 00:00:00', TIMESTAMP '2017-10-27 00:00:00', 'S', 'S', 'produto 01', 'resultado 01', 1, 10, 1, 10000, 1000);
insert into CCR.CCRTB039_AVALIACAO_RISCO (NU_AVALIACAO_RISCO, CO_RESULTADO, DT_FIM_VALIDADE_AVALIACAO, DT_GERACAO, DT_INICIO_VALIDADE_AVALIACAO, IC_AVALIACAO_MANUAL, IC_BLOQUEIO_ALCADA, NO_PRODUTO_SIRIC, DE_RESULTADO_AVALIACAO, NU_OPERACAO_PRODUTO, PZ_MAXIMO_EMPRESTIMO, IN_RATING_AVALIACAO, VR_MAXIMO_EMPRESTIMO, VR_MAXIMO_PRESTACAO) 
values (2, '1', TIMESTAMP '2017-10-27 00:00:00', TIMESTAMP '2017-10-27 00:00:00', TIMESTAMP '2017-10-27 00:00:00', 'S', 'S', 'produto 02', 'resultado 02', 1, 10, 1, 10000, 1000);
/*==============================================================*/
/* Insert table: CCRTB013_CONTRATO                    */
/*==============================================================*/

insert into CCR.CCRTB013_CONTRATO (NU_CONTRATO, CO_MATRICULA_CLIENTE, IC_TIPO_SIMULACAO, CO_USUARIO, DD_BENEFICIO, DT_BASE_CALCULO, DT_COMPETENCIA, DT_CONTRATO, DT_LIBERACAO_CREDITO, DT_VENCIMENTO, DT_VNCMO_PRIMEIRA_PRESTACAO, IC_EMPREGADO_TEMPORARIO, IC_RECEBE_SALARIO_CAIXA, IC_SEGURO_PRESTAMISTA, IC_TIPO_CREDITO,  NU_AGENCIA_CONTA_CREDITO, NU_AGENCIA_CONTA_DEBITO, NU_BANCO_CONTA_CREDITO, NU_BANCO_CONTA_DEBITO, NU_BENEFICIO, NU_CNPJ_FONTE_PAGADORA, NU_COCLI, NU_CONTA_CREDITO, NU_CONTA_DEBITO, NU_CONTRATO_APLICACAO, NU_CPF, NU_DV_CONTA_CREDITO, NU_DV_CONTA_DEBITO, NU_NATURAL_MOVIMENTO, NU_OPERACAO_CONTA_CREDITO, NU_OPERACAO_CONTA_DEBITO, NU_ORGAO_MILITAR, NU_RIC, NU_UNIDADE_MOVIMENTO, PC_ALIQUOTA_BASICA, PC_ALIQUOTA_COMPLEMENTAR, PC_CET_ANUAL, PC_CET_CAPITAL, PC_CET_IOF, PC_CET_JURO_ACERTO, PC_CET_MENSAL, PC_CET_SEGURO, PC_TAXA_JURO_ANUAL, PC_TAXA_JURO_CONTRATO, PC_TAXA_SEGURO, PZ_VIGENCIA_CONTRATO, QT_DIA_JURO_ACERTO, QT_EMPREGADO, VR_BRUTO_BENEFICIO, VR_CET_ANUAL, VR_CET_MENSAL, VR_CONTRATO, VR_IOF, VR_JURO_ACERTO, VR_LIQUIDO_BENEFICIO, VR_LIQUIDO_CONTRATO, VR_PRESTACAO, VR_SEGURO_PRESTAMISTA, VR_TOTAL_CONTRATO, NU_CONVENIO, NU_AVALIACAO, NU_TIPO_SITUACAO, NU_SITUACAO) 
values (2, 'c000001', 'P', 'c000002', 1, TO_DATE('2017-01-01','yyyy-mm-dd'), TO_DATE('2017-01-01','yyyy-mm-dd'), TO_DATE('2017-01-01','yyyy-mm-dd'), TO_DATE('2017-01-01','yyyy-mm-dd'), TO_DATE('2017-01-01','yyyy-mm-dd'), TO_DATE('2017-01-01','yyyy-mm-dd'), 'S', 'S', 'S', 1,  2, 2, 3, 4444, 1, 191, 1, 5, 5, 1, 465929, 1, 1, 1, 1, 1, 1, 1, 1, 1, 1, 1, 1, 1, 1, 1, 1, 1, 1, 1, 1, 1, 1, 1, 1, 1, 1, 1, 1, 1, 1, 1, 1, 1, 1234, 1, 1, 1);

/*==============================================================*/
/* Insert table: CCRTB072_CAMPO                    */
/*==============================================================*/
insert into CCR.CCRTB072_CAMPO (NU_CAMPO, NU_SISTEMA, NO_CAMPO, DE_CAMPO, DE_ORIGEM_CAMPO, NO_CAMPO_JAVA) values (5, 2, 'NUM_CPF_CLI_DEV', 'Número do CPF do Cliente/Devedor', 'Informação Contrato - SICCR', 'ContratoTO.nuCpf');
insert into CCR.CCRTB072_CAMPO (NU_CAMPO, NU_SISTEMA, NO_CAMPO, DE_CAMPO, DE_ORIGEM_CAMPO, NO_CAMPO_JAVA) values (6, 2, 'COD_AVAL_CLI', 'Código de avaliação do cliente', 'Informação Contrato - SICCR', 'ContratoTO.nuAvaliacao.coResultado');
insert into CCR.CCRTB072_CAMPO (NU_CAMPO, NU_SISTEMA, NO_CAMPO, DE_CAMPO, DE_ORIGEM_CAMPO, NO_CAMPO_JAVA) values (7, 2, 'NOM_CLI', 'Nome do cliente', 'Informação Contrato - SICCR', 'CamposRetornadosImpressao.nomeCliente.nome');
insert into CCR.CCRTB072_CAMPO (NU_CAMPO, NU_SISTEMA, NO_CAMPO, DE_CAMPO, DE_ORIGEM_CAMPO, NO_CAMPO_JAVA) values (8, 2, 'NASC_DO_CLI', 'Data de nascimento do cliente', 'Informação de Pessoa - SICLI', 'CamposRetornadosImpressao.dataNascimento.data');
insert into CCR.CCRTB072_CAMPO (NU_CAMPO, NU_SISTEMA, NO_CAMPO, DE_CAMPO, DE_ORIGEM_CAMPO, NO_CAMPO_JAVA) values (9, 2, 'MATR_DO_CLI', 'Número da Matrícula/Benefício do cliente', 'Informação Contrato - SICCR', 'ContratoTO.nuBeneficio');
insert into CCR.CCRTB072_CAMPO (NU_CAMPO, NU_SISTEMA, NO_CAMPO, DE_CAMPO, DE_ORIGEM_CAMPO, NO_CAMPO_JAVA) values (11, 2, 'RG_CLI', 'Número do RG do cliente', 'Informação de Documento - SICLI  ', 'CamposRetornadosImpressao.identidade.documento.numero');
insert into CCR.CCRTB072_CAMPO (NU_CAMPO, NU_SISTEMA, NO_CAMPO, DE_CAMPO, DE_ORIGEM_CAMPO, NO_CAMPO_JAVA) values (12, 2, 'ORG_EMI_CLI', 'Órgão emissor do cliente', 'Informação de Documento - SICLI', 'CamposRetornadosImpressao.identidade.siglaOrgaoEmissor');
insert into CCR.CCRTB072_CAMPO (NU_CAMPO, NU_SISTEMA, NO_CAMPO, DE_CAMPO, DE_ORIGEM_CAMPO, NO_CAMPO_JAVA) values (13, 2, 'EST_CIV_CLI', 'Estado civil do cliente', 'Informação de Pessoa - SICLI', 'CamposRetornadosImpressao.estadoCivil.estadoCivil');
insert into CCR.CCRTB072_CAMPO (NU_CAMPO, NU_SISTEMA, NO_CAMPO, DE_CAMPO, DE_ORIGEM_CAMPO, NO_CAMPO_JAVA) values (14, 2, 'PROF_CLI', 'Profissão do cliente', 'Informação de Profissão - SICLI', 'CamposRetornadosImpressao.profissaoSiric.descricaoProfissao');
insert into CCR.CCRTB072_CAMPO (NU_CAMPO, NU_SISTEMA, NO_CAMPO, DE_CAMPO, DE_ORIGEM_CAMPO, NO_CAMPO_JAVA) values (15, 2, 'END_CLI', 'Endereço do cliente', 'Informação Endereço - SICLI', 'CamposRetornadosImpressao.enderecoNacional[0].logradouro');
insert into CCR.CCRTB072_CAMPO (NU_CAMPO, NU_SISTEMA, NO_CAMPO, DE_CAMPO, DE_ORIGEM_CAMPO, NO_CAMPO_JAVA) values (16, 2, 'BAI_CLI', 'Bairro do cliente', 'Informação Endereço - SICLI', 'CamposRetornadosImpressao.enderecoNacional[0].bairro');
insert into CCR.CCRTB072_CAMPO (NU_CAMPO, NU_SISTEMA, NO_CAMPO, DE_CAMPO, DE_ORIGEM_CAMPO, NO_CAMPO_JAVA) values (17, 2, 'CID_CLI', 'Cidade do cliente', 'Informação Endereço - SICLI', 'CamposRetornadosImpressao.enderecoNacional[0].nomeMunicipio');
insert into CCR.CCRTB072_CAMPO (NU_CAMPO, NU_SISTEMA, NO_CAMPO, DE_CAMPO, DE_ORIGEM_CAMPO, NO_CAMPO_JAVA) values (18, 2, 'CEP_DO_CLI', 'Cep do cliente', 'Informação Endereço - SICLI', 'CamposRetornadosImpressao.enderecoNacional[0].cep');
insert into CCR.CCRTB072_CAMPO (NU_CAMPO, NU_SISTEMA, NO_CAMPO, DE_CAMPO, DE_ORIGEM_CAMPO, NO_CAMPO_JAVA) values (19, 2, 'UF_DO_CLI', 'UF do cliente', 'Informação Endereço - SICLI', 'CamposRetornadosImpressao.enderecoNacional[0].uf');
insert into CCR.CCRTB072_CAMPO (NU_CAMPO, NU_SISTEMA, NO_CAMPO, DE_CAMPO, DE_ORIGEM_CAMPO, NO_CAMPO_JAVA) values (20, 2, 'TEL_CLI', 'Telefone do cliente', 'Informação Meio de Comunicação - SICLI', 'CamposRetornadosImpressao.meioComunicacao[0].codigoComunicacao');
insert into CCR.CCRTB072_CAMPO (NU_CAMPO, NU_SISTEMA, NO_CAMPO, DE_CAMPO, DE_ORIGEM_CAMPO, NO_CAMPO_JAVA) values (21, 2, 'VAL_DO_EMP', 'Valor do empréstimo', 'Informação Contrato - SICCR', 'ContratoTO.vrContrato');
insert into CCR.CCRTB072_CAMPO (NU_CAMPO, NU_SISTEMA, NO_CAMPO, DE_CAMPO, DE_ORIGEM_CAMPO, NO_CAMPO_JAVA) values (22, 2, 'NUM_PAR', 'Número de parcelas/prazos', 'Informação Contrato - SICCR', 'ContratoTO.pzContrato');
insert into CCR.CCRTB072_CAMPO (NU_CAMPO, NU_SISTEMA, NO_CAMPO, DE_CAMPO, DE_ORIGEM_CAMPO, NO_CAMPO_JAVA) values (23, 2, 'DT_LIB', 'Data da liberação', 'Informação Contrato - SICCR', 'ContratoTO.dtLiberacaoCredito');
insert into CCR.CCRTB072_CAMPO (NU_CAMPO, NU_SISTEMA, NO_CAMPO, DE_CAMPO, DE_ORIGEM_CAMPO, NO_CAMPO_JAVA) values (24, 2, 'VAL_DA_PRES', 'Valor da prestação', 'Informação Contrato - SICCR', 'ContratoTO.vrPrestacao');
insert into CCR.CCRTB072_CAMPO (NU_CAMPO, NU_SISTEMA, NO_CAMPO, DE_CAMPO, DE_ORIGEM_CAMPO, NO_CAMPO_JAVA) values (25, 2, 'TAX_EFE_MEN', 'Taxa Efetiva Mensal', 'Informação Contrato - SICCR', 'ContratoTO.pcTaxaEfetivaMensal');
insert into CCR.CCRTB072_CAMPO (NU_CAMPO, NU_SISTEMA, NO_CAMPO, DE_CAMPO, DE_ORIGEM_CAMPO, NO_CAMPO_JAVA) values (26, 2, 'TAX_EFE_ANU', 'Taxa Efetiva Anual', 'Informação Contrato - SICCR', 'ContratoTO.pcTaxaEfetivaAnual' );
insert into CCR.CCRTB072_CAMPO (NU_CAMPO, NU_SISTEMA, NO_CAMPO, DE_CAMPO, DE_ORIGEM_CAMPO, NO_CAMPO_JAVA) values (27, 2, 'CUS_EFE_MEN', 'Custo Efetivo Mensal', 'Informação Contrato - SICCR', 'ContratoTO.pcCetMensal');
insert into CCR.CCRTB072_CAMPO (NU_CAMPO, NU_SISTEMA, NO_CAMPO, DE_CAMPO, DE_ORIGEM_CAMPO, NO_CAMPO_JAVA) values (28, 2, 'CUS_EFE_AN', 'Custo Efetivo Anual', 'Informação Contrato - SICCR', 'ContratoTO.pcCetAnual');
insert into CCR.CCRTB072_CAMPO (NU_CAMPO, NU_SISTEMA, NO_CAMPO, DE_CAMPO, DE_ORIGEM_CAMPO, NO_CAMPO_JAVA) values (29, 2, 'JUR_DE_ACE', 'Juros de Acerto', 'Informação Contrato - SICCR', 'ContratoTO.vrJuroAcerto');
insert into CCR.CCRTB072_CAMPO (NU_CAMPO, NU_SISTEMA, NO_CAMPO, DE_CAMPO, DE_ORIGEM_CAMPO, NO_CAMPO_JAVA) values (30, 2, 'VAL_DO_IOF', 'Valor do IOF', 'Informação Contrato - SICCR', 'ContratoTO.vrIof');
insert into CCR.CCRTB072_CAMPO (NU_CAMPO, NU_SISTEMA, NO_CAMPO, DE_CAMPO, DE_ORIGEM_CAMPO, NO_CAMPO_JAVA) values (31, 2, 'VAL_LIQ', 'Valor líquido', 'Informação Contrato - SICCR', 'ContratoTO.vrLiquidoContrato');
insert into CCR.CCRTB072_CAMPO (NU_CAMPO, NU_SISTEMA, NO_CAMPO, DE_CAMPO, DE_ORIGEM_CAMPO, NO_CAMPO_JAVA) values (32, 2, 'DIA_VENC_PRES', 'Dia do vencimento das prestações', 'Informação Convênio - SICCR', 'ContratoTO.ddVencimentoPrestacoes');
insert into CCR.CCRTB072_CAMPO (NU_CAMPO, NU_SISTEMA, NO_CAMPO, DE_CAMPO, DE_ORIGEM_CAMPO, NO_CAMPO_JAVA) values (33, 2, 'DT_BASE_CAL_PRI_PRES', 'Data base de cálculo da primeira prestação', 'Informação Contrato - SICCR', 'ContratoTO.dtBaseCalculo');
insert into CCR.CCRTB072_CAMPO (NU_CAMPO, NU_SISTEMA, NO_CAMPO, DE_CAMPO, DE_ORIGEM_CAMPO, NO_CAMPO_JAVA) values (34, 2, 'DT_VENC_PRI_PRES', 'Data Vencimento da primeira prestação', 'Informação Contrato - SICCR', 'ContratoTO.dtVncmoPrimeiraPrestacao');
insert into CCR.CCRTB072_CAMPO (NU_CAMPO, NU_SISTEMA, NO_CAMPO, DE_CAMPO, DE_ORIGEM_CAMPO, NO_CAMPO_JAVA) values (35, 2, 'VAL_SEG_PRET', 'Valor do Seguro Prestamista', 'Informação Contrato - SICCR', 'ContratoTO.vrSeguroPrestamista');
insert into CCR.CCRTB072_CAMPO (NU_CAMPO, NU_SISTEMA, NO_CAMPO, DE_CAMPO, DE_ORIGEM_CAMPO, NO_CAMPO_JAVA) values (36, 2, 'VAL_TOT_DO_CONT', 'Valor total do contrato', 'Informação Contrato - SICCR', 'ContratoTO.vrTotalContrato');
insert into CCR.CCRTB072_CAMPO (NU_CAMPO, NU_SISTEMA, NO_CAMPO, DE_CAMPO, DE_ORIGEM_CAMPO, NO_CAMPO_JAVA) values (37, 2, 'PORC_IOF', 'Porcentagem IOF', 'Informação Contrato - SICCR', 'ContratoTO.pcCetIof');
insert into CCR.CCRTB072_CAMPO (NU_CAMPO, NU_SISTEMA, NO_CAMPO, DE_CAMPO, DE_ORIGEM_CAMPO, NO_CAMPO_JAVA) values (38, 2, 'AGEN_CONT_CRED_CLIE', 'Agência conta crédito cliente', 'Informação Contrato - SICCR', 'ContratoTO.nuAgenciaContaCredito');
insert into CCR.CCRTB072_CAMPO (NU_CAMPO, NU_SISTEMA, NO_CAMPO, DE_CAMPO, DE_ORIGEM_CAMPO, NO_CAMPO_JAVA) values (40, 2, 'OPER_CONT_CRED_CLI', 'Operação conta crédito cliente', 'Informação Contrato - SICCR', 'ContratoTO.nuOperacaoContaCredito');
insert into CCR.CCRTB072_CAMPO (NU_CAMPO, NU_SISTEMA, NO_CAMPO, DE_CAMPO, DE_ORIGEM_CAMPO, NO_CAMPO_JAVA) values (41, 2, 'CONT_CRED_CLI', 'Conta Crédito Cliente', 'Informação Contrato - SICCR', 'ContratoTO.nuContaCredito');
insert into CCR.CCRTB072_CAMPO (NU_CAMPO, NU_SISTEMA, NO_CAMPO, DE_CAMPO, DE_ORIGEM_CAMPO, NO_CAMPO_JAVA) values (42, 2, 'DV_CONT_CRED_CLI', 'DV conta crédito cliente', 'Informação Contrato - SICCR', 'ContratoTO.nuDvContaCredito');
insert into CCR.CCRTB072_CAMPO (NU_CAMPO, NU_SISTEMA, NO_CAMPO, DE_CAMPO, DE_ORIGEM_CAMPO, NO_CAMPO_JAVA) values (43, 2, 'CNPJ_CONV', 'CNPJ do convenente', 'Informação Convênio - SICCR', 'ContratoTO.convenioTO.cnpjConvenente');
insert into CCR.CCRTB072_CAMPO (NU_CAMPO, NU_SISTEMA, NO_CAMPO, DE_CAMPO, DE_ORIGEM_CAMPO, NO_CAMPO_JAVA) values (44, 2, 'COD_DO_CONV', 'Código do convênio', 'Informação Convênio - SICCR', 'ContratoTO.convenioTO.id');
insert into CCR.CCRTB072_CAMPO (NU_CAMPO, NU_SISTEMA, NO_CAMPO, DE_CAMPO, DE_ORIGEM_CAMPO, NO_CAMPO_JAVA) values (45, 2, 'N_DO_CONV', 'Nome do convênio', 'Informação Convênio - SICCR', 'ContratoTO.convenioTO.nome');
insert into CCR.CCRTB072_CAMPO (NU_CAMPO, NU_SISTEMA, NO_CAMPO, DE_CAMPO, DE_ORIGEM_CAMPO, NO_CAMPO_JAVA) values (46, 2, 'LOC_ASSIN_CONT', 'Local de Assinatura do Contrato', 'Informação da Impressão', 'Impressao.localImpressaoContrato');
insert into CCR.CCRTB072_CAMPO (NU_CAMPO, NU_SISTEMA, NO_CAMPO, DE_CAMPO, DE_ORIGEM_CAMPO, NO_CAMPO_JAVA) values (47, 2, 'DT_IMPR_CONT', 'Data da impressão do contrato', 'Informação da Impressão', 'Impressao.dataImpressao');
insert into CCR.CCRTB072_CAMPO (NU_CAMPO, NU_SISTEMA, NO_CAMPO, DE_CAMPO, DE_ORIGEM_CAMPO, NO_CAMPO_JAVA) values (48, 2, 'N_GER_RESP', 'Nome do Gerente Responsável', 'Informação da Impressão', 'Impressao.nomeGerente');
insert into CCR.CCRTB072_CAMPO (NU_CAMPO, NU_SISTEMA, NO_CAMPO, DE_CAMPO, DE_ORIGEM_CAMPO, NO_CAMPO_JAVA) values (49, 2, 'CPF_GER_RESP', 'CPF do Gerente Responsável', 'Informação da Impressão', 'Impressao.cpfGerente');
insert into CCR.CCRTB072_CAMPO (NU_CAMPO, NU_SISTEMA, NO_CAMPO, DE_CAMPO, DE_ORIGEM_CAMPO, NO_CAMPO_JAVA) values (50, 2, 'N_TEST_1', 'Nome da testemunha 1', 'Informação da Impressão', 'Impressao.nomeTestemunha1');
insert into CCR.CCRTB072_CAMPO (NU_CAMPO, NU_SISTEMA, NO_CAMPO, DE_CAMPO, DE_ORIGEM_CAMPO, NO_CAMPO_JAVA) values (51, 2, 'CPF_TEST_1', 'CPF da testemunha 1', 'Informação da Impressão', 'Impressao.cpfTestemunha1');
insert into CCR.CCRTB072_CAMPO (NU_CAMPO, NU_SISTEMA, NO_CAMPO, DE_CAMPO, DE_ORIGEM_CAMPO, NO_CAMPO_JAVA) values (52, 2, 'N_TEST_2', 'Nome da testemunha 2', 'Informação da Impressão', 'Impressao.nomeTestemunha2');
insert into CCR.CCRTB072_CAMPO (NU_CAMPO, NU_SISTEMA, NO_CAMPO, DE_CAMPO, DE_ORIGEM_CAMPO, NO_CAMPO_JAVA) values (53, 2, 'CPF_TEST_2', 'CPF da testemunha 2', 'Informação da Impressão', 'Impressao.cpfTestemunha2');
insert into CCR.CCRTB072_CAMPO (NU_CAMPO, NU_SISTEMA, NO_CAMPO, DE_CAMPO, DE_ORIGEM_CAMPO, NO_CAMPO_JAVA) values (54, 2, 'DT_EXPED_CLI', 'Data de expedição do cliente', 'Informação de Pessoa - SICLI', 'CamposRetornadosImpressao.identidade.documento.dataEmissao');
insert into CCR.CCRTB072_CAMPO (NU_CAMPO, NU_SISTEMA, NO_CAMPO, DE_CAMPO, DE_ORIGEM_CAMPO, NO_CAMPO_JAVA) values (55, 2, 'DDD_CLI', 'DDD do cliente', 'Informação Meio de Comunicação - SICLI', 'CamposRetornadosImpressao.meioComunicacao[0].prefixoDiscagem');
insert into CCR.CCRTB072_CAMPO (NU_CAMPO, NU_SISTEMA, NO_CAMPO, DE_CAMPO, DE_ORIGEM_CAMPO, NO_CAMPO_JAVA) values (1, 2, 'NUM_CONTRATO', 'Número do contrato', 'Informação Contrato - SICCR', 'ContratoTO.nuContrato');
insert into CCR.CCRTB072_CAMPO (NU_CAMPO, NU_SISTEMA, NO_CAMPO, DE_CAMPO, DE_ORIGEM_CAMPO, NO_CAMPO_JAVA) values (2, 2, 'NUM_AGENCIA', 'Número da agência', 'Informação Contrato - SICCR', 'ContratoTO.nuAgenciaConcessora');
insert into CCR.CCRTB072_CAMPO (NU_CAMPO, NU_SISTEMA, NO_CAMPO, DE_CAMPO, DE_ORIGEM_CAMPO, NO_CAMPO_JAVA) values (3, 2, 'NUM_SR', 'Número da SR', 'Informação Contrato - SICCR', 'ContratoTO.convenioTO.numSprnaResponsavel');




/*==============================================================*/
/* Insert table: CCRTB070_TIPO_MODELO                    */
/*==============================================================*/
INSERT INTO CCR.CCRTB070_TIPO_MODELO(NU_TIPO_MODELO, NU_SISTEMA, NO_TIPO_MODELO, DE_MODELO_HTML_PADRAO)  VALUES (1, 2, 'Contrato CCR', NULL);
INSERT INTO CCR.CCRTB070_TIPO_MODELO(NU_TIPO_MODELO, NU_SISTEMA, NO_TIPO_MODELO, DE_MODELO_HTML_PADRAO)  VALUES (2, 2, 'Contrato Prestamista CCR', NULL);


/*==============================================================*/
/* Insert table: CCRVW001_UNIDADE                 */
/*==============================================================*/

insert into CCR.CCRVW001_UNIDADE (NU_UNIDADE, IC_ULTIMA_SITUACAO, NO_UNIDADE, NU_CGC_UNIDADE, NU_DV_CGC, NU_DV_NU_UNIDADE, NU_NATURAL, NU_TP_UNIDADE_U21, SG_UF_L22, SG_UNIDADE) values (1, '1', '1', 1, 1, 1, 1, 1, '1', '1');
insert into CCR.CCRVW001_UNIDADE (NU_UNIDADE, IC_ULTIMA_SITUACAO, NO_UNIDADE, NU_CGC_UNIDADE, NU_DV_CGC, NU_DV_NU_UNIDADE, NU_NATURAL, NU_TP_UNIDADE_U21, SG_UF_L22, SG_UNIDADE) values (2, '1', '1', 1, 1, 1, 1, 1, '1', '1');
insert into CCR.CCRVW001_UNIDADE (NU_UNIDADE, IC_ULTIMA_SITUACAO, NO_UNIDADE, NU_CGC_UNIDADE, NU_DV_CGC, NU_DV_NU_UNIDADE, NU_NATURAL, NU_TP_UNIDADE_U21, SG_UF_L22, SG_UNIDADE) values (664, '1', 'unidade 664', 1, 1, 1, 1, 1, '1', '1');

